/*
Navicat MySQL Data Transfer

Source Server         : localhost_3306
Source Server Version : 50744
Source Host           : localhost:3306
Source Database       : homestay

Target Server Type    : MYSQL
Target Server Version : 50744
File Encoding         : 65001

Date: 2025-05-09 20:44:31
*/

SET FOREIGN_KEY_CHECKS=0;

-- ----------------------------
-- Table structure for evaluations
-- ----------------------------
DROP TABLE IF EXISTS `evaluations`;
CREATE TABLE `evaluations` (
  `id` int(11) unsigned NOT NULL AUTO_INCREMENT COMMENT '主键',
  `parent_id` int(11) DEFAULT NULL COMMENT '父级评论ID',
  `commenter_id` int(11) DEFAULT NULL COMMENT '评论者ID',
  `replier_id` int(11) DEFAULT NULL COMMENT '回复者ID',
  `content_type` varchar(100) COLLATE utf8mb4_bin DEFAULT NULL COMMENT '内容类型',
  `content_id` int(11) DEFAULT NULL COMMENT '内容ID',
  `content` varchar(255) COLLATE utf8mb4_bin DEFAULT NULL COMMENT '评论内容',
  `upvote_list` longtext COLLATE utf8mb4_bin COMMENT '点赞列表，以","分割',
  `create_time` datetime DEFAULT NULL COMMENT '评论时间',
  PRIMARY KEY (`id`) USING BTREE
) ENGINE=InnoDB AUTO_INCREMENT=125 DEFAULT CHARSET=utf8mb4 COLLATE=utf8mb4_bin ROW_FORMAT=DYNAMIC;

-- ----------------------------
-- Records of evaluations
-- ----------------------------
INSERT INTO `evaluations` VALUES ('123', null, '22', null, 'SCENIC', '15', '鼓浪屿很美！', 0x3232, '2025-03-30 16:00:27');
INSERT INTO `evaluations` VALUES ('124', null, '22', null, 'STRATEGY', '3', '攻略写的不错！', null, '2025-03-30 16:00:57');

-- ----------------------------
-- Table structure for hotel
-- ----------------------------
DROP TABLE IF EXISTS `hotel`;
CREATE TABLE `hotel` (
  `id` int(11) NOT NULL AUTO_INCREMENT COMMENT '民宿的主键ID，自增',
  `name` varchar(255) COLLATE utf8mb4_bin DEFAULT NULL COMMENT '民宿名称',
  `cover` varchar(255) COLLATE utf8mb4_bin DEFAULT NULL COMMENT '民宿封面',
  `address` varchar(255) COLLATE utf8mb4_bin DEFAULT NULL COMMENT '民宿地址',
  `contact_phone` varchar(255) COLLATE utf8mb4_bin DEFAULT NULL COMMENT '民宿联系电话',
  `vendor_id` int(11) DEFAULT NULL COMMENT '供应商/服务商ID',
  `create_time` datetime NOT NULL COMMENT '创建时间',
  PRIMARY KEY (`id`)
) ENGINE=InnoDB AUTO_INCREMENT=16 DEFAULT CHARSET=utf8mb4 COLLATE=utf8mb4_bin;

-- ----------------------------
-- Records of hotel
-- ----------------------------
INSERT INTO `hotel` VALUES ('6', '栖隅民宿', '/api/Homestay-sys/v1.0/file/getFile?fileName=256d9f61.jpg', '栖隅', '123456', '10', '2025-03-30 16:36:01');
INSERT INTO `hotel` VALUES ('7', '云几民宿', '/api/Homestay-sys/v1.0/file/getFile?fileName=3be1ce72.jpg', '云几', '123456', '10', '2025-03-30 16:59:16');
INSERT INTO `hotel` VALUES ('8', '泊隐民宿', '/api/Homestay-sys/v1.0/file/getFile?fileName=c72621e3.jpg', '泊隐', '123456', '10', '2025-03-30 17:10:31');
INSERT INTO `hotel` VALUES ('9', '栖迟民宿', '/api/Homestay-sys/v1.0/file/getFile?fileName=fe453ca4.jpg', '栖迟', '123456', '10', '2025-03-30 17:11:04');
INSERT INTO `hotel` VALUES ('10', '野涧民宿', '/api/Homestay-sys/v1.0/file/getFile?fileName=1a4bc525.jpg', '野涧', '123456', '10', '2025-03-30 17:11:22');
INSERT INTO `hotel` VALUES ('11', '归岫民宿', '/api/Homestay-sys/v1.0/file/getFile?fileName=edf96616.jpg', '归岫', '123456', '10', '2025-03-30 17:12:14');
INSERT INTO `hotel` VALUES ('12', '牛逼民宿', '/api/Homestay-sys/v1.0/file/getFile?fileName=db4671c7.jpg', '牛逼区', '123456', '10', '2025-03-30 17:12:40');
INSERT INTO `hotel` VALUES ('13', '屿见民宿', '/api/Homestay-sys/v1.0/file/getFile?fileName=6ed446c8.jpg', '屿见', '123456', '10', '2025-03-30 17:13:02');
INSERT INTO `hotel` VALUES ('14', '帅哥民宿', '/api/Homestay-sys/v1.0/file/getFile?fileName=505246e9.jpg', '帅哥区', '123456', '11', '2025-03-30 17:13:49');
INSERT INTO `hotel` VALUES ('15', '自然民宿', '/api/Homestay-sys/v1.0/file/getFile?fileName=53de75010.jpg', '自然', '123456', '11', '2025-03-30 17:14:14');

-- ----------------------------
-- Table structure for hotel_order_info
-- ----------------------------
DROP TABLE IF EXISTS `hotel_order_info`;
CREATE TABLE `hotel_order_info` (
  `id` int(11) NOT NULL AUTO_INCREMENT COMMENT '民宿预约订单主键ID，自增',
  `room_id` int(11) DEFAULT NULL COMMENT '房间ID',
  `user_id` int(11) DEFAULT NULL COMMENT '用户ID',
  `contact_person` varchar(255) COLLATE utf8mb4_bin DEFAULT NULL COMMENT '联系人',
  `contact_phone` varchar(255) COLLATE utf8mb4_bin DEFAULT NULL COMMENT '联系电话',
  `amount` decimal(10,2) DEFAULT NULL COMMENT '总金额',
  `pay_status` tinyint(1) NOT NULL COMMENT '预约订单状态',
  `pay_time` datetime DEFAULT NULL COMMENT '支付时间',
  `create_time` datetime NOT NULL COMMENT '创建时间',
  PRIMARY KEY (`id`)
) ENGINE=InnoDB AUTO_INCREMENT=6 DEFAULT CHARSET=utf8mb4 COLLATE=utf8mb4_bin;

-- ----------------------------
-- Records of hotel_order_info
-- ----------------------------
INSERT INTO `hotel_order_info` VALUES ('4', '3', '17', '帅哥', '123456', '799.20', '1', '2025-03-30 20:10:48', '2025-03-30 20:09:13');
INSERT INTO `hotel_order_info` VALUES ('5', '3', '18', '123', '123', '799.20', '1', '2025-04-17 00:49:15', '2025-04-17 00:49:09');

-- ----------------------------
-- Table structure for hotel_room
-- ----------------------------
DROP TABLE IF EXISTS `hotel_room`;
CREATE TABLE `hotel_room` (
  `id` int(11) NOT NULL AUTO_INCREMENT COMMENT '民宿房间主键ID，自增',
  `name` varchar(255) COLLATE utf8mb4_bin DEFAULT NULL COMMENT '房间名',
  `hotel_id` int(11) DEFAULT NULL COMMENT '民宿ID',
  `cover` varchar(255) COLLATE utf8mb4_bin DEFAULT NULL COMMENT '酒店房间图片',
  `price` decimal(10,2) DEFAULT NULL COMMENT '酒店房间价格',
  `discount` double(10,0) DEFAULT NULL COMMENT '酒店房间折扣',
  `detail` varchar(255) COLLATE utf8mb4_bin DEFAULT NULL COMMENT '房间描述',
  `create_time` datetime NOT NULL COMMENT '创建时间',
  PRIMARY KEY (`id`)
) ENGINE=InnoDB AUTO_INCREMENT=4 DEFAULT CHARSET=utf8mb4 COLLATE=utf8mb4_bin;

-- ----------------------------
-- Records of hotel_room
-- ----------------------------
INSERT INTO `hotel_room` VALUES ('3', '牛逼至尊包间A', '12', '/api/Homestay-sys/v1.0/file/getFile?fileName=28564347.jpg', '999.00', '8', '非常牛逼的包间A房', '2025-03-30 17:35:33');

-- ----------------------------
-- Table structure for hotel_room_bed
-- ----------------------------
DROP TABLE IF EXISTS `hotel_room_bed`;
CREATE TABLE `hotel_room_bed` (
  `id` int(11) NOT NULL AUTO_INCREMENT COMMENT '民宿房间床位主键ID，自增',
  `number` int(11) DEFAULT NULL COMMENT '床位号',
  `room_id` int(11) DEFAULT NULL COMMENT '房间ID',
  `status` tinyint(1) NOT NULL COMMENT '床位是否可用状态',
  `create_time` datetime NOT NULL COMMENT '创建时间',
  PRIMARY KEY (`id`)
) ENGINE=InnoDB AUTO_INCREMENT=9 DEFAULT CHARSET=utf8mb4 COLLATE=utf8mb4_bin;

-- ----------------------------
-- Records of hotel_room_bed
-- ----------------------------
INSERT INTO `hotel_room_bed` VALUES ('7', '1', '3', '0', '2025-03-30 17:39:36');
INSERT INTO `hotel_room_bed` VALUES ('8', '2', '3', '1', '2025-03-30 17:39:41');

-- ----------------------------
-- Table structure for notice
-- ----------------------------
DROP TABLE IF EXISTS `notice`;
CREATE TABLE `notice` (
  `id` int(11) NOT NULL AUTO_INCREMENT COMMENT '公告信息主键ID，自增',
  `title` varchar(255) COLLATE utf8mb4_bin DEFAULT NULL COMMENT '标题',
  `content` longtext COLLATE utf8mb4_bin COMMENT '内容',
  `create_time` datetime NOT NULL COMMENT '创建时间',
  PRIMARY KEY (`id`)
) ENGINE=InnoDB AUTO_INCREMENT=5 DEFAULT CHARSET=utf8mb4 COLLATE=utf8mb4_bin;

-- ----------------------------
-- Records of notice
-- ----------------------------
INSERT INTO `notice` VALUES ('2', '旅游民宿消防安全须知', 0x3C703E3C7370616E207374796C653D22636F6C6F723A207267622834342C2034342C203534293B206261636B67726F756E642D636F6C6F723A20726762283235352C203235352C20323535293B20666F6E742D73697A653A20313670783B223EE58DB3E697A5E8B5B7EFBC8CE68980E69C89E6B091E5AEBFE99C80E7A1AEE4BF9DE6B688E998B2E8AEBEE696BDEFBC88E781ADE781ABE599A8E38081E7839FE6849FE599A8E38081E5BA94E680A5E781AFEFBC89E9BD90E585A8E69C89E69588EFBC8CE7968FE695A3E9809AE98193E79585E9809AE38082E6AF8FE69C88E5BC80E5B195E6B688E998B2E6BC94E7BB83EFBC8CE4B8A5E7A681E8BF9DE8A784E794A8E794B5E794A8E781ABE38082E69CAAE8BEBEE6A087E88085E5B086E99990E69C9FE695B4E694B9EFBC8CE68385E88A82E4B8A5E9878DE88085E5819CE4B89AE695B4E9A1BFE38082E592A8E8AFA2E794B5E8AF9DEFBC9A3131312D313233343536E380823C2F7370616E3E3C2F703E, '2025-03-30 15:22:36');
INSERT INTO `notice` VALUES ('3', '民宿证照办理须知', 0x3C703E3C7370616E207374796C653D22636F6C6F723A207267622834342C2034342C203534293B206261636B67726F756E642D636F6C6F723A20726762283235352C203235352C20323535293B20666F6E742D73697A653A20313670783B223EE7BB8FE890A5E6B091E5AEBFE9A1BBE58A9EE79086E890A5E4B89AE689A7E785A7E38081E58DABE7949FE8AEB8E58FAFE58F8AE6B688E998B2E59088E6A0BCE8AF81E38082E69D90E69699E58C85E68BACE4BAA7E69D83E8AF81E6988EE38081E7BB8FE890A5E88085E8BAABE4BBBDE8AF81E6988EEFBC8CE799BBE5BD95E2809CE69687E69785E694BFE58AA1E5B9B3E58FB0E2809DE4B88BE8BDBDE794B3E8AFB7E8A1A8E38082E8AF81E785A7E58A9EE79086E5908E35E697A5E58685E59091E69687E69785E5B180E5A487E6A188E38082E697A0E8AF81E7BB8FE890A5E5B086E4BE9DE6B395E58F96E7BC94E380823C2F7370616E3E3C2F703E, '2025-03-30 15:27:14');
INSERT INTO `notice` VALUES ('4', '规范民宿经营行为通知', 0x3C703E3C7370616E207374796C653D22636F6C6F723A207267622834342C2034342C203534293B206261636B67726F756E642D636F6C6F723A20726762283235352C203235352C20323535293B20666F6E742D73697A653A20313670783B223EE585A5E4BD8FE99C80E5AE9EE5908DE799BBE8AEB0EFBC8CE6988EE7A081E6A087E4BBB7EFBC8CE7A681E6ADA2E4BBB7E6A0BCE6ACBAE8AF88E38082E580A1E5AFBCE68F90E4BE9BE69687E58C96E4BD93E9AA8CE6B4BBE58AA8EFBC8CE68EA7E588B6E599AAE99FB3E6B1A1E69F93EFBC8CE4BF9DE68AA4E78EAFE5A283E38082E68A95E8AF89E8AFB7E68BA8E689933132333435EFBC8C33E4B8AAE5B7A5E4BD9CE697A5E58685E6A0B8E69FA5E5A484E79086E380823C2F7370616E3E3C2F703E, '2025-03-30 15:27:27');

-- ----------------------------
-- Table structure for scenic
-- ----------------------------
DROP TABLE IF EXISTS `scenic`;
CREATE TABLE `scenic` (
  `id` int(11) NOT NULL AUTO_INCREMENT COMMENT '景点主键，自增',
  `name` varchar(255) COLLATE utf8mb4_bin DEFAULT NULL COMMENT '景点名称',
  `category_id` int(11) DEFAULT NULL COMMENT '景点分类ID',
  `cover` varchar(255) COLLATE utf8mb4_bin DEFAULT NULL COMMENT '封面',
  `detail` longtext COLLATE utf8mb4_bin COMMENT '景点详情',
  `vendor_id` int(11) DEFAULT NULL COMMENT '供应商ID',
  `save_ids` longtext COLLATE utf8mb4_bin COMMENT '景点收藏者用户ID列表，字符串，用,分割',
  `view_ids` longtext COLLATE utf8mb4_bin COMMENT '景点浏览者用户ID列表，字符串，用,分割',
  `address` varchar(255) COLLATE utf8mb4_bin DEFAULT NULL COMMENT '景点所在地',
  `status` tinyint(1) NOT NULL COMMENT '景点状态',
  `create_time` datetime NOT NULL COMMENT '创建时间',
  PRIMARY KEY (`id`)
) ENGINE=InnoDB AUTO_INCREMENT=16 DEFAULT CHARSET=utf8mb4 COLLATE=utf8mb4_bin;

-- ----------------------------
-- Records of scenic
-- ----------------------------
INSERT INTO `scenic` VALUES ('6', '长城', '4', '/api/Homestay-sys/v1.0/file/getFile?fileName=dd74174长城.jpg', 0x3C70207374796C653D22746578742D616C69676E3A2073746172743B223EE995BFE59F8EE698AFE4B8ADE59BBDE58FA4E4BBA3E69C80E4BC9FE5A4A7E79A84E998B2E5BEA1E5B7A5E7A88BEFBC8CE78EB0E5AD98E69C80E89197E5908DE79A84E6AEB5E890BDE58C85E68BACE585ABE8BEBEE5B2ADE38081E68595E794B0E5B3AAE38081E58FB8E9A9ACE58FB0E7AD89E38082E585B6E4B8ADE585ABE8BEBEE5B2ADE995BFE59F8EE698AFE6988EE995BFE59F8EE79A84E7B2BEE58D8EE983A8E58886EFBC8CE4BBA5E99B84E4BC9FE999A9E5B3BBE89197E7A7B0EFBC8CE4BF9DE5AD98E69C80E4B8BAE5AE8CE695B4EFBC8CE58FAFE4BFAFE79EB0E7BEA4E5B1B1E5A3AEE4B8BDE699AFE889B2E38082E68595E794B0E5B3AAE995BFE59F8EE4BBA5E4B889E5BAA7E6958CE6A5BCE5B9B6E79F97E79A84E6ADA3E585B3E58FB0E5928CE59B9BE5ADA3E58886E6988EE79A84E887AAE784B6E699AFE8A782E997BBE5908DE38082E7AEADE689A3E995BFE59F8EE58899E4BBA5E2809CE999A9E2809DE5928CE2809CE9878EE680A7E2809DE590B8E5BC95E68EA2E999A9E88085E380823C2F703E3C756C3E3C6C69207374796C653D22746578742D616C69676E3A2073746172743B223E3C7374726F6E673EE789B9E889B23C2F7374726F6E673EEFBC9AE5869BE4BA8BE998B2E5BEA1E4BD93E7B3BBE38081E5BBBAE7AD91E5A587E8BFB9E38081E58E86E58FB2E8A781E8AF813C2F6C693E3C6C69207374796C653D22746578742D616C69676E3A2073746172743B223E3C7374726F6E673EE68EA8E88D90E4BD93E9AA8C3C2F7374726F6E673EEFBC9AE5BE92E6ADA5E585ABE8BEBEE5B2ADE58C97E995BFE59F8EE38081E8A782E8B58FE5B185E5BAB8E585B3E4BA91E58FB0E38081E698A5E5ADA3E5B1B1E88AB1E4B88EE7A78BE5ADA3E7BAA2E58FB6E697B6E88A82E6B8B8E8A788E380823C2F6C693E3C2F756C3E, '10', null, 0x31372C3138, '中国北京', '1', '2025-03-30 14:35:22');
INSERT INTO `scenic` VALUES ('7', '故宫', '8', '/api/Homestay-sys/v1.0/file/getFile?fileName=f20fcb0故宫.jpg', 0x3C70207374796C653D22746578742D616C69676E3A2073746172743B223EE69585E5AEABE698AFE6988EE6B885E4B8A4E4BBA3E79A84E79A87E5AEABEFBC8CE58DA0E59CB03732E4B887E5B9B3E696B9E7B1B3EFBC8CE68BA5E69C89E8BF9139303030E997B4E688BFE5B18BEFBC8CE698AFE4B896E7958CE4B88AE78EB0E5AD98E8A784E6A8A1E69C80E5A4A7E38081E4BF9DE5AD98E69C80E5AE8CE695B4E79A84E69CA8E8B4A8E7BB93E69E84E58FA4E5BBBAE7AD91E7BEA4E38082E9A686E8978FE69687E789A9E8B685E8BF87E799BEE4B887E4BBB6EFBC8CE5B195E78EB0E4BA86E4B8ADE59BBDE58FA4E4BBA3E5AEABE5BBB7E69687E58C96E38081E889BAE69CAFE5928CE5B7A5E889BAE79A84E5B785E5B3B0E380823C2F703E3C756C3E3C6C69207374796C653D22746578742D616C69676E3A2073746172743B223E3C7374726F6E673EE789B9E889B23C2F7374726F6E673EEFBC9AE7B4ABE7A681E59F8EE5BBBAE7AD91E7BEA4E38081E79A87E5AEB6E8978FE59381EFBC88E5A682E3808AE58D83E9878CE6B19FE5B1B1E59BBEE3808BEFBC89E38081E586ACE5ADA3E99BAAE699AF3C2F6C693E3C6C69207374796C653D22746578742D616C69676E3A2073746172743B223E3C7374726F6E673EE68EA8E88D90E4BD93E9AA8C3C2F7374726F6E673EEFBC9AE58F82E8A782E5A4AAE5928CE6AEBFE38081E78F8DE5AE9DE9A686EFBC8CE981BFE5BC80E88A82E58187E697A5E9AB98E5B3B0EFBC8CE5A49CE699AFE781AFE58589E7A780EFBC88E5ADA3E88A82E680A7E5BC80E694BEEFBC89E380823C2F6C693E3C2F756C3E, '10', null, null, '北京故宫', '1', '2025-03-30 14:40:29');
INSERT INTO `scenic` VALUES ('8', '九寨沟', '10', '/api/Homestay-sys/v1.0/file/getFile?fileName=7a7ec7e九寨沟.jpg', 0x3C70207374796C653D22746578742D616C69676E3A2073746172743B223EE4B99DE5AFA8E6B29FE4BBA5E5BDA9E69E97E38081E58FA0E78091E38081E8978FE68385E5928CE9AB98E5B1B1E6B996E6B38AEFBC88E6B5B7E5AD90EFBC89E997BBE5908DEFBC8C3530E5A49AE4B8AAE6B996E6B38AE5A682E5AE9DE79FB3E888ACE995B6E5B58CE59CA8E5B1B1E8B0B7E4B8ADEFBC8CE59B9BE5ADA3E699AFE889B2E58F98E5B9BBE38082E4BA94E88AB1E6B5B7E79A84E69691E69693E889B2E5BDA9E38081E8AFBAE697A5E69C97E78091E5B883E79A84E99B84E4BC9FE6B094E58ABFE38081E7A78BE5ADA3E5B182E69E97E5B0BDE69F93E79A84E7BAA2E58FB6EFBC8CE69E84E68890E2809CE4BABAE997B4E4BB99E5A283E2809DE380823C2F703E3C756C3E3C6C69207374796C653D22746578742D616C69676E3A2073746172743B223E3C7374726F6E673EE789B9E889B23C2F7374726F6E673EEFBC9AE99299E58C96E6B1A0E38081E8978FE6978FE69687E58C96E38081E58E9FE5A78BE6A3AEE69E973C2F6C693E3C6C69207374796C653D22746578742D616C69676E3A2073746172743B223E3C7374726F6E673EE68EA8E88D90E4BD93E9AA8C3C2F7374726F6E673EEFBC9AE5BE92E6ADA5E4BA94E88AB1E6B5B7E887B3E78F8DE78FA0E6BBA9E38081E7A78BE5ADA3E7BAA2E58FB6E69184E5BDB1E38081E8978FE6978FE6AD8CE8889EE8A1A8E6BC94E380823C2F6C693E3C2F756C3E, '10', 0x3137, 0x3137, '四川阿坝', '1', '2025-03-30 14:47:01');
INSERT INTO `scenic` VALUES ('9', '黄山', '10', '/api/Homestay-sys/v1.0/file/getFile?fileName=c5b2351黄山.jpg', 0x3C70207374796C653D22746578742D616C69676E3A2073746172743B223EE9BB84E5B1B1E4BBA5E5A587E69DBEE38081E680AAE79FB3E38081E4BA91E6B5B7E38081E6B8A9E6B389E2809CE59B9BE7BB9DE2809DE89197E7A7B0EFBC8C3732E5B3B0E5A682E69E97EFBC8CE5BDA2E68081E59084E5BC82E38082E8A5BFE6B5B7E5A4A7E5B3A1E8B0B7E68EA2E7A798E38081E58589E6988EE9A1B6E8A782E697A5E587BAE38081E8BF8EE5AEA2E69DBEE68993E58DA1E698AFE7BB8FE585B8E9A1B9E79BAEE38082E586ACE697A5E99BAAE5908EE993B6E8A385E7B4A0E8A3B9EFBC8CE4BA91E6B5B7E7BFBBE6B68CE5A682E4BB99E5A283E380823C2F703E3C756C3E3C6C69207374796C653D22746578742D616C69676E3A2073746172743B223E3C7374726F6E673EE789B9E889B23C2F7374726F6E673EEFBC9AE88AB1E5B297E5B2A9E5B3B0E69E97E38081E6B8A9E6B389E585BBE7949FE38081E98193E69599E69687E58C963C2F6C693E3C6C69207374796C653D22746578742D616C69676E3A2073746172743B223E3C7374726F6E673EE68EA8E88D90E4BD93E9AA8C3C2F7374726F6E673EEFBC9AE4BD8FE5B1B1E885B0E98592E5BA97EFBC8CE6B885E699A8E799BBE5A78BE4BFA1E5B3B0E8A782E697A5E587BAEFBC8CE5BE92E6ADA5E2809CE799BEE6ADA5E4BA91E6A2AFE2809DE380823C2F6C693E3C2F756C3E, '10', null, null, '安徽', '1', '2025-03-30 14:49:25');
INSERT INTO `scenic` VALUES ('10', '张家界国家森林公园', '10', '/api/Homestay-sys/v1.0/file/getFile?fileName=0a87a3c张家界国家森林公园.jpeg', 0x3C70207374796C653D22746578742D616C69676E3A2073746172743B223EE5BCA0E5AEB6E7958CE79A84E79FB3E69FB1E5B3B0E69E97E5A682E682ACE6B5AEE5B1B1E888ACE5A3AEE4B8BDEFBC8CE59BA0E3808AE998BFE587A1E8BEBEE3808BE58F96E699AFE8808CE997BBE5908DE38082E8A281E5AEB6E7958CE2809CE682ACE6B5AEE5B1B1E2809DE38081E5A4A9E997A8E5B1B1E78EBBE79283E6A088E98193E38081E98791E99EADE6BAAAE6BAAAE6B581E699AFE8A782E698AFE5BF85E6B8B8E9A1B9E79BAEE38082E99BA8E5908EE4BA91E99BBEE7BCADE7BB95E697B6EFBC8CE5AE9BE5A682E6B0B4E5A2A8E794BBE58DB7E380823C2F703E3C756C3E3C6C69207374796C653D22746578742D616C69676E3A2073746172743B223E3C7374726F6E673EE789B9E889B23C2F7374726F6E673EEFBC9AE5B3B0E69E97E59CB0E8B28CE38081E9AB98E7A9BAE7B4A2E98193E38081E58E9FE5A78BE6A3AEE69E973C2F6C693E3C6C69207374796C653D22746578742D616C69676E3A2073746172743B223E3C7374726F6E673EE68EA8E88D90E4BD93E9AA8C3C2F7374726F6E673EEFBC9AE4B998E799BEE9BE99E5A4A9E6A2AFE799BBE8A281E5AEB6E7958CEFBC8CE5A4A9E997A8E5B1B1E79B98E5B1B1E585ACE8B7AFE887AAE9A9BEEFBC8CE586ACE5ADA3E99BBEE58787E5A587E8A782E380823C2F6C693E3C2F756C3E, '10', null, null, '湖南', '1', '2025-03-30 14:54:51');
INSERT INTO `scenic` VALUES ('11', '桂林漓江', '8', '/api/Homestay-sys/v1.0/file/getFile?fileName=ac6e96d桂林漓江.jpg', 0x3C70207374796C653D22746578742D616C69676E3A2073746172743B223EE6BC93E6B19FE4BBA5E2809CE5B1B1E6B0B4E794B2E5A4A9E4B88BE2809DE79A84E59680E696AFE789B9E59CB0E8B28CE997BBE5908DEFBC8CE69DA8E5A0A4E887B3E585B4E59DAAE6AEB5E698AFE7B2BEE58D8EE888AAE7BABFE38082E4B998E7ABB9E7AD8FE68896E6B8B8E888B9EFBC8CE58FAFE8A781E8B1A1E9BCBBE5B1B1E38081E9BB84E5B883E58092E5BDB1E7AD89E7BB8FE585B8E699AFE8A782EFBC8CE998B3E69C94E8A5BFE8A197E79A84E5A49CE7949FE6B4BBE5928CE58D81E9878CE794BBE5BB8AE9AA91E8A18CE5A29EE6B7BBE4BABAE69687E8B6A3E591B3E380823C2F703E3C756C3E3C6C69207374796C653D22746578742D616C69676E3A2073746172743B223E3C7374726F6E673EE789B9E889B23C2F7374726F6E673EEFBC9AE59680E696AFE789B9E5B3B0E69E97E38081E794B0E59BADE789A7E6AD8CE38081E6BC93E6B19FE6B894E781AB3C2F6C693E3C6C69207374796C653D22746578742D616C69676E3A2073746172743B223E3C7374726F6E673EE68EA8E88D90E4BD93E9AA8C3C2F7374726F6E673EEFBC9AE6B885E699A8E4B998E7ABB9E7AD8FE6BC82E6B581EFBC8CE9AA91E8A18CE58D81E9878CE794BBE5BB8AEFBC8CE59381E998B3E69C94E595A4E98592E9B1BCE380823C2F6C693E3C2F756C3E, '10', null, null, '广西', '1', '2025-03-30 15:01:07');
INSERT INTO `scenic` VALUES ('12', '布达拉宫', '7', '/api/Homestay-sys/v1.0/file/getFile?fileName=06235f9布达拉宫.jpg', 0x3C70207374796C653D22746578742D616C69676E3A2073746172743B223EE5B883E8BEBEE68B89E5AEABE4BD8DE4BA8EE68B89E890A8E7BAA2E5B1B1E9A1B6EFBC8CE698AFE69DBEE8B59EE5B9B2E5B883E4B8BAE69687E68890E585ACE4B8BBE4BFAEE5BBBAE79A84E5AEABE5A0A1EFBC8CE5908EE68890E4B8BAE8BEBEE8B596E59687E5989BE586ACE5AEABE38082E7BAA2E5AEABE58685E8978FE781B5E5A194E38081E5A381E794BBE5928CE7BB8FE58DB7EFBC8CE799BDE5AEABE4B8BAE59687E5989BE8B5B7E5B185E58CBAE38082E4BFAFE79EB0E68B89E890A8E585A8E699AFEFBC8CE6849FE58F97E8978FE59CB0E7A59EE7A798E6B09BE59BB4E380823C2F703E3C756C3E3C6C69207374796C653D22746578742D616C69676E3A2073746172743B223E3C7374726F6E673EE789B9E889B23C2F7374726F6E673EEFBC9AE9AB98E58E9FE5AEABE6AEBFE38081E8978FE4BCA0E4BD9BE69599E889BAE69CAFE38081E9AB98E58E9FE69687E58C963C2F6C693E3C6C69207374796C653D22746578742D616C69676E3A2073746172743B223E3C7374726F6E673EE68EA8E88D90E4BD93E9AA8C3C2F7374726F6E673EEFBC9AE9A284E7BAA6E58F82E8A782E7BAA2E5AEABEFBC8CE68B8DE69184E5B883E8BEBEE68B89E5AEABE5A49CE699AFEFBC8CE7BB93E59088E5A4A7E698ADE5AFBAE585ABE5BB93E8A197E6B8B8E8A788E380823C2F6C693E3C2F756C3E, '10', null, null, '西藏拉萨', '1', '2025-03-30 15:06:29');
INSERT INTO `scenic` VALUES ('13', '西湖', '8', '/api/Homestay-sys/v1.0/file/getFile?fileName=b3a0abb西湖.jpg', 0x3C70207374796C653D22746578742D616C69676E3A2073746172743B223EE8A5BFE6B996E4BBA5E2809CE8A5BFE6B996E58D81E699AFE2809DE997BBE5908DEFBC8CE5A682E88B8FE5A0A4E698A5E69993E38081E696ADE6A1A5E6AE8BE99BAAE38081E4B889E6BDADE58DB0E69C88E38082E6B996E58589E5B1B1E889B2E4B88EE4BAADE58FB0E6A5BCE99881E79BB8E698A0E68890E8B6A3EFBC8CE799BDE5A0A4E38081E5ADA4E5B1B1E38081E99BB7E5B3B0E5A194E7AD89E699AFE782B9E689BFE8BDBDE58D83E5B9B4E69687E4BABAE5A2A8E5AEA2E79A84E8AF97E68385E794BBE6848FE380823C2F703E3C756C3E3C6C69207374796C653D22746578742D616C69676E3A2073746172743B223E3C7374726F6E673EE789B9E889B23C2F7374726F6E673EEFBC9AE58FA4E585B8E59BADE69E97E7BE8EE5ADA6E38081E9BE99E4BA95E88CB6E69687E58C96E38081E58E86E58FB2E4BCA0E8AFB43C2F6C693E3C6C69207374796C653D22746578742D616C69676E3A2073746172743B223E3C7374726F6E673EE68EA8E88D90E4BD93E9AA8C3C2F7374726F6E673EEFBC9AE698A5E5ADA3E8B58FE6A8B1EFBC8CE5A49CE6B8B8E4B889E6BDADE58DB0E69C88EFBC8CE59381E9BE99E4BA95E899BEE4BB81E380823C2F6C693E3C2F756C3E, '10', null, null, '浙江杭州', '1', '2025-03-30 15:12:29');
INSERT INTO `scenic` VALUES ('14', '丽江古城', '8', '/api/Homestay-sys/v1.0/file/getFile?fileName=373dd83丽江古城.jpg', 0x3C70207374796C653D22746578742D616C69676E3A2073746172743B223EE4B8BDE6B19FE58FA4E59F8EE4BBA5E59B9BE696B9E8A197E4B8BAE6A0B8E5BF83EFBC8CE99D92E79FB3E69DBFE8B7AFE38081E6B581E6B0B4E4BABAE5AEB6E38081E7BAB3E8A5BFE6978FE4B89CE5B7B4E69687E58C96E4B8BAE789B9E889B2E38082E9BB91E9BE99E6BDADE8BF9CE79CBAE78E89E9BE99E99BAAE5B1B1E38081E69CA8E5BA9CE5BBBAE7AD91E7BEA4E38081E5A49CE5B882E98592E590A7E8A197E89E8DE59088E58FA4E69CB4E4B88EE78EB0E4BBA3E380823C2F703E3C756C3E3C6C69207374796C653D22746578742D616C69676E3A2073746172743B223E3C7374726F6E673EE789B9E889B23C2F7374726F6E673EEFBC9AE7BAB3E8A5BFE6978FE69687E58C96E38081E88CB6E9A9ACE58FA4E98193E58E86E58FB2E38081E9AB98E58E9FE58FA4E59F8E3C2F6C693E3C6C69207374796C653D22746578742D616C69676E3A2073746172743B223E3C7374726F6E673EE68EA8E88D90E4BD93E9AA8C3C2F7374726F6E673EEFBC9AE58F82E4B88EE4B89CE5B7B4E7BAB8E59D8AE4BD93E9AA8CEFBC8CE99BA8E5ADA3E8B58FE78E89E9BE99E99BAAE5B1B1E58092E5BDB1EFBC8CE981BFE5BC80E69785E6B8B8E59BA2E6B7B1E5BAA6E6B8B8E380823C2F6C693E3C2F756C3E, '11', 0x3138, 0x3138, '云南', '1', '2025-03-30 15:30:59');
INSERT INTO `scenic` VALUES ('15', '鼓浪屿', '9', '/api/Homestay-sys/v1.0/file/getFile?fileName=b1d7403鼓浪屿.jpg', 0x3C70207374796C653D22746578742D616C69676E3A2073746172743B223EE9BC93E6B5AAE5B1BFE4BBA5E4B887E59BBDE5BBBAE7AD91E7BEA4E38081E992A2E790B4E4B98BE5B29BE79A84E99FB3E4B990E69687E58C96E58F8AE887AAE784B6E699AFE8A782E997BBE5908DEFBC8CE5A682E697A5E58589E5B2A9E38081E88FBDE5BA84E88AB1E59BADE38081E9BC93E6B5AAE79FB3E7AD89E38082E5B29BE4B88AE89E8DE59088E997BDE58D97E4BCA0E7BB9FE4B88EE8A5BFE696B9E5BBBAE7AD91E9A38EE6A0BCEFBC8CE59B9BE5ADA3E88AB1E5BC80EFBC8CE6B5B7E6BBA8E9A38EE58589E69796E6978EEFBC8CE8A2ABE8AA89E4B8BAE2809CE6B5B7E4B88AE88AB1E59BADE2809DE380823C2F703E3C70207374796C653D22746578742D616C69676E3A2073746172743B223E3C7370616E207374796C653D22636F6C6F723A207267622834342C2034342C203534293B206261636B67726F756E642D636F6C6F723A20726762283235352C203235352C20323535293B20666F6E742D73697A653A20313670783B223E3C7374726F6E673EE789B9E889B23C2F7374726F6E673E3C2F7370616E3E3C7370616E207374796C653D22636F6C6F723A207267622834342C2034342C203534293B206261636B67726F756E642D636F6C6F723A20726762283235352C203235352C20323535293B20666F6E742D73697A653A20313670783B223EEFBC9AE4B887E59BBDE5BBBAE7AD91E58D9AE8A788E38081E99FB3E4B990E69687E58C96E38081E6B5B7E6BBA8E88AB1E59BAD3C2F7370616E3E3C2F703E3C70207374796C653D22746578742D616C69676E3A2073746172743B223E3C7370616E207374796C653D22636F6C6F723A207267622834342C2034342C203534293B206261636B67726F756E642D636F6C6F723A20726762283235352C203235352C20323535293B20666F6E742D73697A653A20313670783B223E3C7374726F6E673EE68EA8E88D90E4BD93E9AA8C3C2F7374726F6E673E3C2F7370616E3E3C7370616E207374796C653D22636F6C6F723A207267622834342C2034342C203534293B206261636B67726F756E642D636F6C6F723A20726762283235352C203235352C20323535293B20666F6E742D73697A653A20313670783B223EEFBC9AE6BCABE6ADA5E6ACA7E5BC8FE5BBBAE7AD91E7BEA4E38081E6B8B8E8A788E992A2E790B4E58D9AE789A9E9A686E38081E799BBE697A5E58589E5B2A9E79EB0E6B5B7E38081E68EA2E7B4A2E88FBDE5BA84E88AB1E59BADE38081E6849FE58F97E9BC93E6B5AAE79FB3E4BCA0E5A587E380823C2F7370616E3E3C2F703E, '11', 0x32322C3138, 0x32322C31372C3138, '福建厦门', '1', '2025-03-30 15:51:39');

-- ----------------------------
-- Table structure for scenic_category
-- ----------------------------
DROP TABLE IF EXISTS `scenic_category`;
CREATE TABLE `scenic_category` (
  `id` int(11) NOT NULL AUTO_INCREMENT COMMENT '景点分类的主键ID，自增',
  `name` varchar(255) COLLATE utf8mb4_bin DEFAULT NULL COMMENT '景点分类名',
  PRIMARY KEY (`id`)
) ENGINE=InnoDB AUTO_INCREMENT=12 DEFAULT CHARSET=utf8mb4 COLLATE=utf8mb4_bin;

-- ----------------------------
-- Records of scenic_category
-- ----------------------------
INSERT INTO `scenic_category` VALUES ('1', '动物园');
INSERT INTO `scenic_category` VALUES ('2', '植物园');
INSERT INTO `scenic_category` VALUES ('3', '自然景观');
INSERT INTO `scenic_category` VALUES ('4', '历史遗迹');
INSERT INTO `scenic_category` VALUES ('5', '主题公园');
INSERT INTO `scenic_category` VALUES ('6', '博物馆');
INSERT INTO `scenic_category` VALUES ('7', '宗教圣地');
INSERT INTO `scenic_category` VALUES ('8', '城市地标');
INSERT INTO `scenic_category` VALUES ('9', '海滨度假区');
INSERT INTO `scenic_category` VALUES ('10', '山地景区');
INSERT INTO `scenic_category` VALUES ('11', '文化村落');

-- ----------------------------
-- Table structure for scenic_line
-- ----------------------------
DROP TABLE IF EXISTS `scenic_line`;
CREATE TABLE `scenic_line` (
  `id` int(11) NOT NULL AUTO_INCREMENT COMMENT '景点路线主键ID，自增',
  `scenic_id` int(11) DEFAULT NULL COMMENT '景点ID',
  `cover` varchar(255) COLLATE utf8mb4_bin DEFAULT NULL COMMENT '路线封面图',
  `detail` varchar(255) COLLATE utf8mb4_bin DEFAULT NULL COMMENT '路线描述',
  `level` int(11) DEFAULT NULL COMMENT '层级',
  `create_time` datetime NOT NULL COMMENT '创建时间',
  PRIMARY KEY (`id`)
) ENGINE=InnoDB AUTO_INCREMENT=5 DEFAULT CHARSET=utf8mb4 COLLATE=utf8mb4_bin;

-- ----------------------------
-- Records of scenic_line
-- ----------------------------
INSERT INTO `scenic_line` VALUES ('3', '6', '/api/Homestay-sys/v1.0/file/getFile?fileName=ffce4292.jpg', '再去这里', '20', '2025-03-30 16:05:32');
INSERT INTO `scenic_line` VALUES ('4', '6', '/api/Homestay-sys/v1.0/file/getFile?fileName=0f403bd1.jpg', '先去这里', '0', '2025-03-30 16:05:48');

-- ----------------------------
-- Table structure for scenic_rating
-- ----------------------------
DROP TABLE IF EXISTS `scenic_rating`;
CREATE TABLE `scenic_rating` (
  `id` int(11) NOT NULL AUTO_INCREMENT COMMENT '景点评分主键ID，自增',
  `scenic_id` int(11) DEFAULT NULL COMMENT '景点ID',
  `user_id` int(11) DEFAULT NULL COMMENT '用户ID',
  `score` int(11) DEFAULT NULL COMMENT '评分分数',
  `create_time` datetime NOT NULL COMMENT '创建时间',
  PRIMARY KEY (`id`)
) ENGINE=InnoDB AUTO_INCREMENT=7 DEFAULT CHARSET=utf8mb4 COLLATE=utf8mb4_bin;

-- ----------------------------
-- Records of scenic_rating
-- ----------------------------
INSERT INTO `scenic_rating` VALUES ('6', '15', '22', '5', '2025-03-30 16:00:08');

-- ----------------------------
-- Table structure for scenic_strategy
-- ----------------------------
DROP TABLE IF EXISTS `scenic_strategy`;
CREATE TABLE `scenic_strategy` (
  `id` int(11) NOT NULL AUTO_INCREMENT COMMENT '景点攻略主键ID，自增',
  `user_id` int(11) DEFAULT NULL COMMENT '用户ID',
  `scenic_id` int(11) DEFAULT NULL COMMENT '景点ID',
  `cover` varchar(255) COLLATE utf8mb4_bin DEFAULT NULL COMMENT '景点攻略封面图',
  `title` varchar(255) COLLATE utf8mb4_bin DEFAULT NULL COMMENT '景点标题',
  `content` longtext COLLATE utf8mb4_bin COMMENT '景点攻略内容',
  `is_audit` tinyint(1) NOT NULL COMMENT '是否已经审核',
  `create_time` datetime NOT NULL COMMENT '创建时间',
  PRIMARY KEY (`id`)
) ENGINE=InnoDB AUTO_INCREMENT=4 DEFAULT CHARSET=utf8mb4 COLLATE=utf8mb4_bin;

-- ----------------------------
-- Records of scenic_strategy
-- ----------------------------
INSERT INTO `scenic_strategy` VALUES ('3', '17', '13', '/api/Homestay-sys/v1.0/file/getFile?fileName=7503d49鼓浪屿.jpg', '鼓浪屿一日游攻略', 0x3C703EE68F90E5898DE59CA8E2809CE5B1BFE8A781E58EA6E997A8E2809DE5B08FE7A88BE5BA8FE9A284E7BAA63335E58583E888B9E7A5A8EFBC8CE4BB8EE58EA6E9BC93E7A081E5A4B4E887B3E4B889E4B898E794B0E7A081E5A4B4E38082E5BF85E6B8B8E697A5E58589E5B2A9EFBC88E88194E7A5A83930E58583E590ABE4BA94E5A4A7E699AFE782B9EFBC9AE697A5E58589E5B2A9E38081E88FBDE5BA84E88AB1E59BADE38081E79A93E69C88E59BADE7AD89EFBC89EFBC8CE68993E58DA1E69C80E7BE8EE8BDACE8A792E38081E992A2E790B4E58D9AE789A9E9A686E38082E58D88E5908EE9809BE9BE99E5A4B4E8B7AFE5B08FE59083E8A197EFBC8CE5B09DE9BE99E5A4B4E9B1BCE4B8B8E38081E58FB6E6B08FE9BABBE7B38DE38082E7A9BFE88892E98082E99E8BE5B1A5EFBC8CE6B3A8E6848FE998B2E69992EFBC8CE69CABE78FADE888B931383A3030E5908EE99C80E4BB8EE4B889E4B898E794B0E8BF94E59B9EE38082E5B29BE4B88AE6B688E8B4B9E8BE83E9AB98EFBC8CE5B8A6E99BB6E9A39FE78EB0E98791EFBC8CE5B08AE9878DE5B185E6B091E58BBFE689B0E7A781E5AE85E380823C2F703E, '1', '2025-03-30 15:14:41');

-- ----------------------------
-- Table structure for scenic_ticket
-- ----------------------------
DROP TABLE IF EXISTS `scenic_ticket`;
CREATE TABLE `scenic_ticket` (
  `id` int(11) NOT NULL AUTO_INCREMENT COMMENT '景点门票主键ID，自增',
  `scenic_id` int(11) DEFAULT NULL COMMENT '景点ID',
  `detail` longtext COLLATE utf8mb4_bin COMMENT '门票描述',
  `number` int(11) DEFAULT NULL COMMENT '门票数量',
  `price` decimal(10,2) DEFAULT NULL COMMENT '门票价格',
  `discount` double(10,1) DEFAULT NULL COMMENT '折扣',
  `use_status` tinyint(1) NOT NULL COMMENT '门票的可用状态',
  `create_time` datetime NOT NULL COMMENT '创建时间',
  PRIMARY KEY (`id`)
) ENGINE=InnoDB AUTO_INCREMENT=8 DEFAULT CHARSET=utf8mb4 COLLATE=utf8mb4_bin;

-- ----------------------------
-- Records of scenic_ticket
-- ----------------------------
INSERT INTO `scenic_ticket` VALUES ('4', '6', 0xE995BFE59F8EE789B9E6AE8AE5AFBCE6B8B8, '996', '99.90', null, '1', '2025-03-30 17:16:26');
INSERT INTO `scenic_ticket` VALUES ('5', '6', 0xE995BFE59F8EE699AEE9809AE5AFBCE6B8B8, '999', '9.99', null, '0', '2025-03-30 17:20:23');
INSERT INTO `scenic_ticket` VALUES ('6', '6', 0xE6B58BE8AF95E695B0E68DAE, '999', '999.00', '1.0', '0', '2025-03-30 22:05:39');
INSERT INTO `scenic_ticket` VALUES ('7', '6', 0x313233, '123', '123.00', '123.0', '1', '2025-04-15 00:44:59');

-- ----------------------------
-- Table structure for scenic_ticket_order
-- ----------------------------
DROP TABLE IF EXISTS `scenic_ticket_order`;
CREATE TABLE `scenic_ticket_order` (
  `id` int(11) NOT NULL AUTO_INCREMENT COMMENT '景点门票订单信息主键ID，自增',
  `user_id` int(11) DEFAULT NULL COMMENT '用户ID',
  `ticket_id` int(11) DEFAULT NULL COMMENT '门票ID',
  `contact_person` varchar(255) COLLATE utf8mb4_bin DEFAULT NULL COMMENT '联系人',
  `contact_phone` varchar(255) COLLATE utf8mb4_bin DEFAULT NULL COMMENT '联系电话',
  `amount` decimal(10,2) DEFAULT NULL COMMENT '金额',
  `buy_number` int(11) NOT NULL COMMENT '购买数量',
  `pay_status` tinyint(1) NOT NULL COMMENT '支付状态',
  `pay_time` datetime DEFAULT NULL COMMENT '支付时间',
  `create_time` datetime NOT NULL COMMENT '创建时间',
  PRIMARY KEY (`id`)
) ENGINE=InnoDB AUTO_INCREMENT=7 DEFAULT CHARSET=utf8mb4 COLLATE=utf8mb4_bin;

-- ----------------------------
-- Records of scenic_ticket_order
-- ----------------------------
INSERT INTO `scenic_ticket_order` VALUES ('4', '17', '4', '帅哥', '123456', '79.92', '1', '1', '2025-03-30 20:09:59', '2025-03-30 20:08:29');
INSERT INTO `scenic_ticket_order` VALUES ('5', '18', '4', '刚哥', '123', '99.90', '1', '1', '2025-04-15 21:49:03', '2025-04-15 21:48:59');
INSERT INTO `scenic_ticket_order` VALUES ('6', '18', '4', '刚哥', '123', '99.90', '1', '1', '2025-04-17 23:25:13', '2025-04-17 23:25:09');

-- ----------------------------
-- Table structure for user
-- ----------------------------
DROP TABLE IF EXISTS `user`;
CREATE TABLE `user` (
  `id` int(11) unsigned NOT NULL AUTO_INCREMENT COMMENT '用户编号',
  `user_account` varchar(50) DEFAULT NULL COMMENT '用户账号',
  `user_name` varchar(50) DEFAULT NULL COMMENT '用户昵称',
  `user_pwd` varchar(100) DEFAULT NULL COMMENT '用户密码',
  `user_avatar` varchar(255) DEFAULT NULL COMMENT '用户头像',
  `user_email` varchar(50) DEFAULT NULL COMMENT '用户邮箱',
  `user_role` int(11) DEFAULT NULL COMMENT '用户角色',
  `is_login` tinyint(1) NOT NULL COMMENT '可登录状态(0：可用，1：不可用)',
  `is_word` tinyint(1) NOT NULL COMMENT '禁言状态(0：可用，1：不可用)',
  `create_time` datetime NOT NULL COMMENT '用户注册时间',
  PRIMARY KEY (`id`) USING BTREE
) ENGINE=InnoDB AUTO_INCREMENT=26 DEFAULT CHARSET=utf8mb4 ROW_FORMAT=DYNAMIC;

-- ----------------------------
-- Records of user
-- ----------------------------
INSERT INTO `user` VALUES ('1', 'admin', '白老师', 'd9b1d7db4cd6e70935368a1efb10e377', '/api/Homestay-sys/v1.0/file/getFile?fileName=cee1482LINE贴图_个性贴图丘_25.png', '123456@qq.com', '1', '0', '0', '2024-10-25 12:53:05');
INSERT INTO `user` VALUES ('17', 'niubige', '牛逼哥', '14e1b600b1fd579f47433b88e8d85291', '/api/Homestay-sys/v1.0/file/getFile?fileName=8090960LINE贴图_个性贴图丘_26.png', '111@qq.com', '2', '0', '0', '2025-03-30 14:01:18');
INSERT INTO `user` VALUES ('18', 'gangge', '刚哥', '14e1b600b1fd579f47433b88e8d85291', '/api/Homestay-sys/v1.0/file/getFile?fileName=bdc5fb2LINE贴图_个性贴图丘_27.png', '222@qq.com', '2', '0', '0', '2025-03-30 14:01:54');
INSERT INTO `user` VALUES ('19', 'lijia', '莉佳', '14e1b600b1fd579f47433b88e8d85291', '/api/Homestay-sys/v1.0/file/getFile?fileName=89a21dcLINE贴图_个性贴图丘_28.png', '333@qq.com', '2', '0', '0', '2025-03-30 14:02:49');
INSERT INTO `user` VALUES ('20', 'damu', '大木', '14e1b600b1fd579f47433b88e8d85291', '/api/Homestay-sys/v1.0/file/getFile?fileName=71ed29cLINE贴图_个性贴图丘_29.png', '444@qq.com', '2', '0', '1', '2025-03-30 14:03:29');
INSERT INTO `user` VALUES ('21', 'du', '渡', '14e1b600b1fd579f47433b88e8d85291', '/api/Homestay-sys/v1.0/file/getFile?fileName=4953ad4LINE贴图_个性贴图丘_6.png', '555@qq.com', '2', '0', '0', '2025-03-30 14:04:00');
INSERT INTO `user` VALUES ('22', 'shuaige', '帅哥', '14e1b600b1fd579f47433b88e8d85291', '/api/Homestay-sys/v1.0/file/getFile?fileName=296751eLINE贴图_个性贴图丘_33.png', '666@qq.com', '2', '0', '0', '2025-03-30 14:04:34');
INSERT INTO `user` VALUES ('23', 'dawu', '大吾', '14e1b600b1fd579f47433b88e8d85291', '/api/Homestay-sys/v1.0/file/getFile?fileName=6fdc301LINE贴图_个性贴图丘_31.png', '777@qq.com', '2', '0', '0', '2025-03-30 14:05:08');
INSERT INTO `user` VALUES ('24', 'xiaojuer', '小菊儿', '14e1b600b1fd579f47433b88e8d85291', '/api/Homestay-sys/v1.0/file/getFile?fileName=508b884LINE贴图_个性贴图丘_34.png', '888@qq.com', '2', '0', '0', '2025-03-30 14:05:34');
INSERT INTO `user` VALUES ('25', 'hepu', '赫普', '14e1b600b1fd579f47433b88e8d85291', '/api/Homestay-sys/v1.0/file/getFile?fileName=ef42ff1LINE贴图_个性贴图丘_40.png', '999@qq.com', '2', '1', '0', '2025-03-30 14:06:49');

-- ----------------------------
-- Table structure for vendor
-- ----------------------------
DROP TABLE IF EXISTS `vendor`;
CREATE TABLE `vendor` (
  `id` int(11) NOT NULL AUTO_INCREMENT COMMENT '供应商主键ID，自增',
  `name` varchar(255) COLLATE utf8mb4_bin DEFAULT NULL COMMENT '供应商名称',
  `contact_person` varchar(255) COLLATE utf8mb4_bin DEFAULT NULL COMMENT '供应商联系人',
  `contact_phone` varchar(255) COLLATE utf8mb4_bin DEFAULT NULL COMMENT '供应商联系电话',
  `email` varchar(255) COLLATE utf8mb4_bin DEFAULT NULL COMMENT '电子邮箱',
  `product_type` varchar(255) COLLATE utf8mb4_bin DEFAULT NULL COMMENT '产品类型',
  `work_address` varchar(255) COLLATE utf8mb4_bin DEFAULT NULL COMMENT '办公地址',
  `user_id` int(11) DEFAULT NULL COMMENT '用户ID',
  `is_audit` tinyint(1) NOT NULL COMMENT '是否已经审核',
  `status` tinyint(1) NOT NULL COMMENT '供应商的状态',
  `create_time` datetime DEFAULT NULL COMMENT '创建时间',
  PRIMARY KEY (`id`)
) ENGINE=InnoDB AUTO_INCREMENT=12 DEFAULT CHARSET=utf8mb4 COLLATE=utf8mb4_bin;

-- ----------------------------
-- Records of vendor
-- ----------------------------
INSERT INTO `vendor` VALUES ('10', '牛逼公司', '牛逼哥', '111', '111@qq.com', '非常牛逼', '牛逼区', '17', '1', '1', '2025-03-30 14:29:28');
INSERT INTO `vendor` VALUES ('11', '帅哥公司', '帅哥', '123456', '123@qq.com', '非常帅', '帅哥区', '22', '1', '1', '2025-03-30 15:28:55');
